/*
Navicat MySQL Data Transfer

Source Server         : localhost
Source Server Version : 50726
Source Host           : localhost:3306
Source Database       : gin_cs

Target Server Type    : MYSQL
Target Server Version : 50726
File Encoding         : 65001

Date: 2021-11-18 10:36:57
*/

SET FOREIGN_KEY_CHECKS=0;

-- ----------------------------
-- Table structure for conversation
-- ----------------------------
DROP TABLE IF EXISTS `conversation`;
CREATE TABLE `conversation` (
  `id` int(10) unsigned NOT NULL AUTO_INCREMENT,
  `status` varchar(12) DEFAULT 'PENDING',
  `user_id` int(10) unsigned DEFAULT NULL,
  `guest_id` int(10) unsigned NOT NULL,
  `note` varchar(255) DEFAULT NULL,
  `created_at` datetime DEFAULT NULL,
  `latest_msg_at` datetime DEFAULT NULL,
  PRIMARY KEY (`id`),
  KEY `guest_id` (`guest_id`)
) ENGINE=MyISAM AUTO_INCREMENT=7 DEFAULT CHARSET=utf8mb4;

-- ----------------------------
-- Records of conversation
-- ----------------------------
INSERT INTO `conversation` VALUES ('1', 'PROCESSING', '8', '1', null, '2021-08-05 15:10:50', '2021-11-12 14:59:34');
INSERT INTO `conversation` VALUES ('2', 'PROCESSING', '1', '2', null, '2021-08-05 15:10:52', '2021-11-12 13:55:02');
INSERT INTO `conversation` VALUES ('3', 'PROCESSING', '1', '3', null, '2021-08-05 15:10:56', '2021-11-11 18:18:33');
INSERT INTO `conversation` VALUES ('4', 'PROCESSING', '1', '4', 'hello world', '2021-08-05 15:10:59', '2021-11-17 14:31:15');
INSERT INTO `conversation` VALUES ('5', 'PENDING', '1', '5', null, '2021-08-05 15:11:02', '2021-11-09 16:45:36');
INSERT INTO `conversation` VALUES ('6', 'PROCESSING', '2', '6', null, '2021-10-15 16:10:44', '2021-11-09 16:38:33');

-- ----------------------------
-- Table structure for guest
-- ----------------------------
DROP TABLE IF EXISTS `guest`;
CREATE TABLE `guest` (
  `id` int(10) unsigned NOT NULL AUTO_INCREMENT,
  `name` varchar(20) NOT NULL,
  `uid` varchar(32) NOT NULL,
  `vip` tinyint(1) unsigned DEFAULT '0',
  `avatar` varchar(255) DEFAULT NULL,
  `ip` varchar(255) NOT NULL,
  `created_at` datetime DEFAULT NULL,
  `updated_at` datetime DEFAULT NULL,
  PRIMARY KEY (`id`)
) ENGINE=MyISAM AUTO_INCREMENT=7 DEFAULT CHARSET=utf8mb4;

-- ----------------------------
-- Records of guest
-- ----------------------------
INSERT INTO `guest` VALUES ('1', '慕容雪村', '1', '0', '/public/avatar1.jpg', '', '2021-08-04 16:47:17', '2021-10-19 18:16:20');
INSERT INTO `guest` VALUES ('2', '德川家康', '2', '1', '/public/avatar2.jpg', '', '2021-08-04 16:48:25', '2021-11-09 16:52:43');
INSERT INTO `guest` VALUES ('3', '是枝裕和', '3', '0', '/public/avatar3.jpg', '', '2021-08-04 16:48:52', '2021-11-11 18:18:42');
INSERT INTO `guest` VALUES ('4', '巷子口的九班', '4', '0', '/public/avatar4.jpg', '', '2021-10-18 17:09:31', '2021-11-09 16:47:22');
INSERT INTO `guest` VALUES ('5', '纳兰容若', '5', '0', '/public/avatar5.jpg', '', '2021-10-18 17:09:35', '2021-10-18 18:08:43');
INSERT INTO `guest` VALUES ('6', '二棍的美好生活', '6', '1', '/public/avatar5.jpg', '', '2021-10-18 17:09:38', '2021-11-09 16:53:07');

-- ----------------------------
-- Table structure for menu
-- ----------------------------
DROP TABLE IF EXISTS `menu`;
CREATE TABLE `menu` (
  `id` int(10) unsigned NOT NULL AUTO_INCREMENT,
  `name` varchar(255) NOT NULL,
  `route` varchar(255) DEFAULT NULL,
  `parent_id` int(11) unsigned DEFAULT '0',
  `sort` int(10) unsigned DEFAULT NULL,
  `icon` varchar(255) DEFAULT NULL,
  PRIMARY KEY (`id`)
) ENGINE=MyISAM AUTO_INCREMENT=11 DEFAULT CHARSET=utf8mb4;

-- ----------------------------
-- Records of menu
-- ----------------------------
INSERT INTO `menu` VALUES ('1', '会话', '/chat', '0', '1', 'el-icon-chat-dot-square');
INSERT INTO `menu` VALUES ('2', '用户管理', '/users', '5', '23', 'el-icon-user-solid');
INSERT INTO `menu` VALUES ('5', '系统管理', '', '0', '100', 'el-icon-s-tools');
INSERT INTO `menu` VALUES ('8', '菜单管理', '/menus', '5', '21', 'el-icon-s-order');
INSERT INTO `menu` VALUES ('9', '角色管理', '/roles', '5', '22', '');

-- ----------------------------
-- Table structure for message
-- ----------------------------
DROP TABLE IF EXISTS `message`;
CREATE TABLE `message` (
  `id` bigint(20) unsigned NOT NULL AUTO_INCREMENT,
  `content` longtext NOT NULL,
  `type` bigint(20) unsigned NOT NULL,
  `sender` bigint(20) unsigned NOT NULL,
  `receiver` bigint(20) unsigned NOT NULL,
  `from` bigint(20) unsigned NOT NULL,
  `conversation_id` int(10) NOT NULL,
  `unread` tinyint(1) unsigned DEFAULT '1',
  `is_latest` tinyint(1) unsigned DEFAULT '1',
  `created_at` datetime DEFAULT NULL,
  `updated_at` datetime DEFAULT NULL,
  PRIMARY KEY (`id`)
) ENGINE=MyISAM AUTO_INCREMENT=371 DEFAULT CHARSET=utf8mb4;

-- ----------------------------
-- Records of message
-- ----------------------------
INSERT INTO `message` VALUES ('1', 'hello world', '1', '1', '1', '1', '1', '0', '0', '2021-08-05 17:53:46', '2021-11-12 14:59:34');
INSERT INTO `message` VALUES ('2', '有啥问题', '1', '1', '1', '2', '1', '0', '0', '2021-08-05 17:53:49', '2021-11-12 14:59:34');
INSERT INTO `message` VALUES ('3', '订单', '1', '1', '0', '2', '1', '0', '0', '2021-08-05 18:19:33', '2021-11-12 14:59:34');
INSERT INTO `message` VALUES ('4', '狗子别浪', '1', '1', '1', '2', '1', '0', '0', '2021-08-05 18:19:51', '2021-11-12 14:59:34');
INSERT INTO `message` VALUES ('5', '滚动', '1', '1', '1', '2', '1', '0', '0', '2021-08-05 18:24:41', '2021-11-12 14:59:34');
INSERT INTO `message` VALUES ('6', '有人码', '1', '1', '2', '2', '2', '0', '0', '2021-08-05 18:25:50', '2021-11-12 13:55:02');
INSERT INTO `message` VALUES ('7', '在吗', '1', '1', '2', '2', '2', '0', '0', '2021-08-05 18:28:55', '2021-11-12 13:55:02');
INSERT INTO `message` VALUES ('8', '今天天气好好', '1', '1', '2', '2', '2', '0', '0', '2021-08-05 18:29:36', '2021-11-12 13:55:02');
INSERT INTO `message` VALUES ('9', '订单', '1', '1', '1', '2', '1', '0', '0', '2021-08-05 18:29:51', '2021-11-12 14:59:34');
INSERT INTO `message` VALUES ('10', 'ddd', '1', '1', '2', '2', '2', '0', '0', '2021-08-05 18:32:52', '2021-11-12 13:55:02');
INSERT INTO `message` VALUES ('11', 'ddd', '1', '1', '2', '2', '2', '0', '0', '2021-08-05 18:32:53', '2021-11-12 13:55:02');
INSERT INTO `message` VALUES ('12', 'ddd', '1', '1', '2', '2', '2', '0', '0', '2021-08-05 18:32:53', '2021-11-12 13:55:02');
INSERT INTO `message` VALUES ('13', 'ddd', '1', '1', '2', '2', '2', '0', '0', '2021-08-05 18:32:54', '2021-11-12 13:55:02');
INSERT INTO `message` VALUES ('14', 'ddd', '1', '1', '2', '2', '2', '0', '0', '2021-08-05 18:32:54', '2021-11-12 13:55:02');
INSERT INTO `message` VALUES ('15', 'ddd', '1', '1', '2', '2', '2', '0', '0', '2021-08-05 18:32:54', '2021-11-12 13:55:02');
INSERT INTO `message` VALUES ('16', 'ddd', '1', '1', '2', '2', '2', '0', '0', '2021-08-05 18:32:54', '2021-11-12 13:55:02');
INSERT INTO `message` VALUES ('17', '公告', '1', '1', '3', '2', '3', '0', '0', '2021-08-06 15:30:16', '2021-11-11 18:18:33');
INSERT INTO `message` VALUES ('18', '为了你好', '1', '1', '4', '2', '4', '0', '0', '2021-08-06 15:30:48', '2021-11-17 14:31:15');
INSERT INTO `message` VALUES ('19', '如何领取更多的奖励', '1', '1', '5', '2', '5', '0', '0', '2021-08-06 15:31:08', '2021-11-09 16:45:36');
INSERT INTO `message` VALUES ('20', '96', '1', '1', '2', '2', '2', '0', '0', '2021-08-06 15:44:52', '2021-11-12 13:55:02');
INSERT INTO `message` VALUES ('21', 'gogo\n', '1', '1', '1', '2', '1', '0', '0', '2021-08-06 15:45:10', '2021-11-12 14:59:34');
INSERT INTO `message` VALUES ('22', 'ddddd', '1', '1', '1', '2', '1', '0', '0', '2021-08-06 15:47:52', '2021-11-12 14:59:34');
INSERT INTO `message` VALUES ('23', 'raper', '1', '1', '2', '2', '2', '0', '0', '2021-08-06 15:49:05', '2021-11-12 13:55:02');
INSERT INTO `message` VALUES ('24', 'skr', '1', '1', '1', '2', '1', '0', '0', '2021-08-06 15:49:26', '2021-11-12 14:59:34');
INSERT INTO `message` VALUES ('25', '有一说一，这个时候一定要浇冷水，不应该捧杀，这毕竟只是一个14岁的孩子。在像跳水，体操或者花滑这样的运动，发育期之前的孩子有先天上的优势。从生理上来说，柔韧性更好，身高更矮，这都更有利于在技术难度上取得好成绩。从心理上来说，因为年纪小，更无畏无惧，更心无旁骛，也更能够毫不犹豫地服从教练，这同样对出成绩有所帮助。但是之后，走入发育期，无论生理上还是心理上都会产生巨大的变化，也都会影响比赛成绩，这是自然法则，也是不可避免的。所以我们作为观众，在未来，我们要容许全红婵在比赛中不是满分，不一定拿到金牌，而不是把这场比赛的表现当做标杆，要求她以后在每一场比赛中都跳出这样的成绩。\n\n作者：Alkaid.K\n链接：https://www.zhihu.com/question/476072527/answer/2042042428\n来源：知乎\n著作权归作者所有。商业转载请联系作者获得授权，非商业转载请注明出处。', '1', '1', '1', '2', '1', '0', '0', '2021-08-06 16:32:19', '2021-11-12 14:59:34');
INSERT INTO `message` VALUES ('26', '[em_28][em_56][em_48]', '1', '1', '0', '2', '0', '0', '1', '2021-08-09 11:54:33', '2021-08-09 11:54:33');
INSERT INTO `message` VALUES ('27', '[em_28][em_56][em_48]', '1', '1', '0', '2', '0', '0', '1', '2021-08-09 11:54:34', '2021-08-09 11:54:34');
INSERT INTO `message` VALUES ('28', '[em_28][em_57][em_65]', '1', '1', '1', '2', '1', '0', '0', '2021-08-09 11:55:01', '2021-11-12 14:59:34');
INSERT INTO `message` VALUES ('29', '[em_56]', '1', '1', '1', '2', '1', '0', '0', '2021-08-09 11:56:43', '2021-11-12 14:59:34');
INSERT INTO `message` VALUES ('30', '[em_31]', '1', '1', '1', '2', '1', '0', '0', '2021-08-09 11:56:49', '2021-11-12 14:59:34');
INSERT INTO `message` VALUES ('31', '99999', '1', '1', '3', '2', '3', '0', '0', '2021-08-09 12:06:01', '2021-11-11 18:18:33');
INSERT INTO `message` VALUES ('32', '[em_28]', '1', '1', '2', '2', '2', '0', '0', '2021-08-09 12:23:32', '2021-11-12 13:55:02');
INSERT INTO `message` VALUES ('33', '[em_57]', '1', '1', '3', '2', '3', '0', '0', '2021-08-09 12:45:33', '2021-11-11 18:18:33');
INSERT INTO `message` VALUES ('34', '[em_31]', '1', '1', '3', '2', '3', '0', '0', '2021-08-09 12:51:02', '2021-11-11 18:18:33');
INSERT INTO `message` VALUES ('35', '[em_3]', '1', '1', '2', '2', '2', '0', '0', '2021-08-09 13:12:08', '2021-11-12 13:55:02');
INSERT INTO `message` VALUES ('36', '896', '1', '1', '2', '2', '2', '0', '0', '2021-08-09 13:12:25', '2021-11-12 13:55:02');
INSERT INTO `message` VALUES ('37', '[em_55]', '1', '1', '1', '2', '1', '0', '0', '2021-08-09 13:13:23', '2021-11-12 14:59:34');
INSERT INTO `message` VALUES ('38', '234', '1', '1', '2', '2', '2', '0', '0', '2021-08-09 13:54:38', '2021-11-12 13:55:02');
INSERT INTO `message` VALUES ('39', '567', '1', '1', '2', '2', '2', '0', '0', '2021-08-09 13:54:45', '2021-11-12 13:55:02');
INSERT INTO `message` VALUES ('40', '[em_53]', '1', '1', '2', '2', '2', '0', '0', '2021-08-09 13:54:55', '2021-11-12 13:55:02');
INSERT INTO `message` VALUES ('41', '123', '1', '1', '2', '2', '2', '0', '0', '2021-08-09 13:55:09', '2021-11-12 13:55:02');
INSERT INTO `message` VALUES ('42', 'ddd', '1', '1', '2', '2', '2', '0', '0', '2021-08-09 13:55:16', '2021-11-12 13:55:02');
INSERT INTO `message` VALUES ('43', '4', '1', '1', '1', '2', '1', '0', '0', '2021-08-09 13:55:23', '2021-11-12 14:59:34');
INSERT INTO `message` VALUES ('44', '345', '1', '1', '1', '2', '1', '0', '0', '2021-08-09 13:55:27', '2021-11-12 14:59:34');
INSERT INTO `message` VALUES ('45', 'eee', '1', '1', '1', '2', '1', '0', '0', '2021-08-09 13:55:34', '2021-11-12 14:59:34');
INSERT INTO `message` VALUES ('46', '123', '1', '1', '4', '2', '4', '0', '0', '2021-08-09 14:21:49', '2021-11-17 14:31:15');
INSERT INTO `message` VALUES ('47', '[em_2]', '1', '1', '4', '2', '4', '0', '0', '2021-08-09 14:22:00', '2021-11-17 14:31:15');
INSERT INTO `message` VALUES ('48', '[em_53]', '1', '1', '5', '2', '5', '0', '0', '2021-08-09 14:23:03', '2021-11-09 16:45:36');
INSERT INTO `message` VALUES ('49', '334', '1', '1', '5', '2', '5', '0', '0', '2021-08-09 14:23:08', '2021-11-09 16:45:36');
INSERT INTO `message` VALUES ('50', '[em_53]', '1', '1', '3', '2', '3', '0', '0', '2021-08-09 14:25:59', '2021-11-11 18:18:33');
INSERT INTO `message` VALUES ('51', 'gogo', '1', '1', '2', '2', '2', '0', '0', '2021-08-09 14:26:09', '2021-11-12 13:55:02');
INSERT INTO `message` VALUES ('52', '123', '1', '1', '2', '2', '2', '0', '0', '2021-08-09 14:26:41', '2021-11-12 13:55:02');
INSERT INTO `message` VALUES ('53', '[em_57]', '1', '1', '1', '2', '1', '0', '0', '2021-08-09 14:26:51', '2021-11-12 14:59:34');
INSERT INTO `message` VALUES ('54', 'gogo', '1', '1', '2', '2', '2', '0', '0', '2021-08-09 14:32:44', '2021-11-12 13:55:02');
INSERT INTO `message` VALUES ('55', '[em_2]', '1', '1', '3', '2', '3', '0', '0', '2021-08-09 14:33:54', '2021-11-11 18:18:33');
INSERT INTO `message` VALUES ('56', 'hi[em_60]', '1', '1', '1', '2', '1', '0', '0', '2021-08-09 14:37:25', '2021-11-12 14:59:34');
INSERT INTO `message` VALUES ('57', '是不是人民艺术家我们也没权力说[em_39][em_57][em_71]', '1', '1', '1', '2', '1', '0', '0', '2021-08-09 14:39:28', '2021-11-12 14:59:34');
INSERT INTO `message` VALUES ('58', '是不是人民艺术家[em_56][em_69][em_67]', '1', '1', '1', '2', '1', '0', '0', '2021-08-09 14:39:56', '2021-11-12 14:59:34');
INSERT INTO `message` VALUES ('59', '[em_15]', '1', '1', '2', '2', '2', '0', '0', '2021-08-09 15:06:41', '2021-11-12 13:55:02');
INSERT INTO `message` VALUES ('60', 'ddd', '1', '1', '3', '2', '3', '0', '0', '2021-08-09 16:23:13', '2021-11-11 18:18:33');
INSERT INTO `message` VALUES ('61', '9898', '1', '1', '1', '2', '1', '0', '0', '2021-08-09 16:38:20', '2021-11-12 14:59:34');
INSERT INTO `message` VALUES ('62', '[em_35]', '1', '1', '4', '2', '4', '0', '0', '2021-08-09 16:54:14', '2021-11-17 14:31:15');
INSERT INTO `message` VALUES ('63', '[em_67]', '1', '1', '4', '2', '4', '0', '0', '2021-08-09 16:54:54', '2021-11-17 14:31:15');
INSERT INTO `message` VALUES ('64', '', '1', '1', '1', '1', '1', '0', '0', '2021-08-10 18:16:37', '2021-11-12 14:59:34');
INSERT INTO `message` VALUES ('65', '9898', '1', '1', '1', '1', '1', '0', '0', '2021-08-10 18:17:22', '2021-11-12 14:59:34');
INSERT INTO `message` VALUES ('66', '好啊', '1', '1', '1', '1', '1', '0', '0', '2021-08-10 18:27:34', '2021-11-12 14:59:34');
INSERT INTO `message` VALUES ('67', 'golang', '1', '1', '1', '1', '1', '0', '0', '2021-08-10 18:27:56', '2021-11-12 14:59:34');
INSERT INTO `message` VALUES ('68', '就睡觉', '1', '1', '1', '1', '1', '0', '0', '2021-08-10 18:38:19', '2021-11-12 14:59:34');
INSERT INTO `message` VALUES ('69', '[em_47]', '1', '1', '1', '2', '1', '0', '0', '2021-08-13 17:31:43', '2021-11-12 14:59:34');
INSERT INTO `message` VALUES ('70', 'hi', '1', '1', '1', '1', '1', '0', '0', '2021-08-16 14:53:58', '2021-11-12 14:59:34');
INSERT INTO `message` VALUES ('71', 'hi', '1', '1', '1', '2', '1', '0', '0', '2021-08-26 16:36:20', '2021-11-12 14:59:34');
INSERT INTO `message` VALUES ('72', 'my name', '1', '1', '4', '2', '4', '0', '0', '2021-08-26 16:37:34', '2021-11-17 14:31:15');
INSERT INTO `message` VALUES ('73', 'gg', '1', '1', '4', '2', '4', '0', '0', '2021-08-26 16:38:16', '2021-11-17 14:31:15');
INSERT INTO `message` VALUES ('74', 'ggg', '1', '1', '1', '2', '1', '0', '0', '2021-08-26 16:40:14', '2021-11-12 14:59:34');
INSERT INTO `message` VALUES ('75', 'gg', '1', '1', '1', '2', '1', '0', '0', '2021-08-26 16:40:20', '2021-11-12 14:59:34');
INSERT INTO `message` VALUES ('76', 'dddd', '1', '1', '1', '2', '1', '0', '0', '2021-08-26 16:41:00', '2021-11-12 14:59:34');
INSERT INTO `message` VALUES ('77', '999', '1', '1', '1', '2', '1', '0', '0', '2021-08-26 16:45:04', '2021-11-12 14:59:34');
INSERT INTO `message` VALUES ('78', 'eerrr', '1', '1', '1', '2', '1', '0', '0', '2021-08-26 16:46:16', '2021-11-12 14:59:34');
INSERT INTO `message` VALUES ('79', 'may i have', '1', '1', '4', '2', '4', '0', '0', '2021-08-26 17:38:32', '2021-11-17 14:31:15');
INSERT INTO `message` VALUES ('80', 'gungun', '1', '1', '1', '2', '1', '0', '0', '2021-08-26 17:41:08', '2021-11-12 14:59:34');
INSERT INTO `message` VALUES ('81', '我是谁', '1', '1', '4', '2', '4', '0', '0', '2021-08-27 15:08:29', '2021-11-17 14:31:15');
INSERT INTO `message` VALUES ('82', '嘎嘎嘎', '1', '1', '4', '2', '4', '0', '0', '2021-08-27 15:13:01', '2021-11-17 14:31:15');
INSERT INTO `message` VALUES ('83', '89789', '1', '4', '1', '1', '4', '0', '0', '2021-08-27 15:15:09', '2021-11-17 14:31:15');
INSERT INTO `message` VALUES ('84', 'help me', '1', '1', '4', '2', '4', '0', '0', '2021-08-27 15:17:42', '2021-11-17 14:31:15');
INSERT INTO `message` VALUES ('85', '89789', '1', '4', '1', '1', '4', '0', '0', '2021-08-27 15:18:05', '2021-11-17 14:31:15');
INSERT INTO `message` VALUES ('86', '8989', '1', '4', '1', '1', '4', '0', '0', '2021-08-27 17:16:38', '2021-11-17 14:31:15');
INSERT INTO `message` VALUES ('87', '878', '1', '4', '1', '1', '4', '0', '0', '2021-08-27 17:18:29', '2021-11-17 14:31:15');
INSERT INTO `message` VALUES ('88', '[em_11]', '1', '1', '1', '2', '1', '0', '0', '2021-08-27 17:21:06', '2021-11-12 14:59:34');
INSERT INTO `message` VALUES ('89', '狗狗狗', '1', '1', '1', '2', '1', '0', '0', '2021-08-27 17:21:25', '2021-11-12 14:59:34');
INSERT INTO `message` VALUES ('90', '98975', '1', '1', '1', '2', '1', '0', '0', '2021-08-27 17:23:13', '2021-11-12 14:59:34');
INSERT INTO `message` VALUES ('91', '11234', '1', '1', '1', '2', '1', '0', '0', '2021-08-27 17:27:28', '2021-11-12 14:59:34');
INSERT INTO `message` VALUES ('92', '1', '1', '1', '4', '2', '4', '0', '0', '2021-08-27 17:28:23', '2021-11-17 14:31:15');
INSERT INTO `message` VALUES ('93', '222', '1', '4', '1', '1', '4', '0', '0', '2021-08-27 17:28:48', '2021-11-17 14:31:15');
INSERT INTO `message` VALUES ('94', '那些昙花一现是爆炸的烟花', '1', '4', '1', '1', '4', '0', '0', '2021-08-27 17:32:17', '2021-11-17 14:31:15');
INSERT INTO `message` VALUES ('95', '123', '1', '4', '1', '1', '4', '0', '0', '2021-08-27 17:34:48', '2021-11-17 14:31:15');
INSERT INTO `message` VALUES ('96', '11222', '1', '1', '1', '2', '1', '0', '0', '2021-08-27 17:35:23', '2021-11-12 14:59:34');
INSERT INTO `message` VALUES ('97', '又是', '1', '1', '4', '2', '4', '0', '0', '2021-08-27 17:36:17', '2021-11-17 14:31:15');
INSERT INTO `message` VALUES ('98', 'ware you', '1', '4', '1', '1', '4', '0', '0', '2021-08-27 17:36:33', '2021-11-17 14:31:15');
INSERT INTO `message` VALUES ('99', 'Im frontend', '1', '4', '1', '1', '4', '0', '0', '2021-08-31 10:29:00', '2021-11-17 14:31:15');
INSERT INTO `message` VALUES ('100', '[em_57]', '1', '1', '4', '2', '4', '0', '0', '2021-08-31 10:29:54', '2021-11-17 14:31:15');
INSERT INTO `message` VALUES ('101', 'golang', '1', '4', '1', '1', '4', '0', '0', '2021-08-31 10:32:00', '2021-11-17 14:31:15');
INSERT INTO `message` VALUES ('102', '[em_56]', '1', '1', '4', '2', '4', '0', '0', '2021-08-31 10:44:46', '2021-11-17 14:31:15');
INSERT INTO `message` VALUES ('103', '收到没有', '1', '1', '4', '2', '4', '0', '0', '2021-08-31 10:50:03', '2021-11-17 14:31:15');
INSERT INTO `message` VALUES ('104', '叫姐姐', '1', '1', '4', '2', '4', '0', '0', '2021-08-31 10:57:19', '2021-11-17 14:31:15');
INSERT INTO `message` VALUES ('105', '你算老几', '1', '1', '4', '2', '4', '0', '0', '2021-08-31 10:57:33', '2021-11-17 14:31:15');
INSERT INTO `message` VALUES ('106', '我算老大呗', '1', '4', '1', '1', '4', '0', '0', '2021-08-31 10:57:46', '2021-11-17 14:31:15');
INSERT INTO `message` VALUES ('107', '你这人真该死', '1', '4', '1', '1', '4', '0', '0', '2021-08-31 11:02:14', '2021-11-17 14:31:15');
INSERT INTO `message` VALUES ('108', '去你的', '1', '1', '4', '2', '4', '0', '0', '2021-08-31 11:02:31', '2021-11-17 14:31:15');
INSERT INTO `message` VALUES ('109', '爷爷活得好好的', '1', '1', '4', '2', '4', '0', '0', '2021-08-31 11:02:42', '2021-11-17 14:31:15');
INSERT INTO `message` VALUES ('110', '早该埋了', '1', '4', '1', '1', '4', '0', '0', '2021-08-31 11:04:06', '2021-11-17 14:31:15');
INSERT INTO `message` VALUES ('111', '活着浪费粮食', '1', '1', '4', '2', '4', '0', '0', '2021-08-31 11:04:25', '2021-11-17 14:31:15');
INSERT INTO `message` VALUES ('112', 'who are you', '1', '4', '1', '1', '4', '0', '0', '2021-08-31 11:17:46', '2021-11-17 14:31:15');
INSERT INTO `message` VALUES ('113', 'yangqiming', '1', '1', '4', '2', '4', '0', '0', '2021-08-31 11:18:22', '2021-11-17 14:31:15');
INSERT INTO `message` VALUES ('114', 'you go', '1', '4', '1', '1', '4', '0', '0', '2021-08-31 11:18:32', '2021-11-17 14:31:15');
INSERT INTO `message` VALUES ('115', 'hi', '1', '4', '1', '1', '4', '0', '0', '2021-08-31 11:28:27', '2021-11-17 14:31:15');
INSERT INTO `message` VALUES ('116', 'ee', '1', '4', '1', '1', '4', '0', '0', '2021-08-31 11:29:17', '2021-11-17 14:31:15');
INSERT INTO `message` VALUES ('117', 'gg', '1', '4', '1', '1', '4', '0', '0', '2021-08-31 11:30:05', '2021-11-17 14:31:15');
INSERT INTO `message` VALUES ('118', 'golang', '1', '4', '1', '1', '4', '0', '0', '2021-08-31 11:30:20', '2021-11-17 14:31:15');
INSERT INTO `message` VALUES ('119', '[em_46]', '1', '1', '1', '2', '1', '0', '0', '2021-08-31 11:39:44', '2021-11-12 14:59:34');
INSERT INTO `message` VALUES ('120', '[em_57]', '1', '1', '4', '2', '4', '0', '0', '2021-08-31 14:35:37', '2021-11-17 14:31:15');
INSERT INTO `message` VALUES ('121', 'jiu shi', '1', '1', '4', '2', '4', '0', '0', '2021-08-31 14:37:47', '2021-11-17 14:31:15');
INSERT INTO `message` VALUES ('122', '今日说法', '1', '1', '4', '2', '4', '0', '0', '2021-08-31 14:39:27', '2021-11-17 14:31:15');
INSERT INTO `message` VALUES ('123', '杀被零', '1', '1', '4', '2', '4', '0', '0', '2021-08-31 14:39:52', '2021-11-17 14:31:15');
INSERT INTO `message` VALUES ('124', 'why', '1', '4', '1', '1', '4', '0', '0', '2021-08-31 14:46:15', '2021-11-17 14:31:15');
INSERT INTO `message` VALUES ('125', '喜欢吃糖码', '1', '4', '1', '1', '4', '0', '0', '2021-08-31 14:46:56', '2021-11-17 14:31:15');
INSERT INTO `message` VALUES ('126', '2121', '1', '4', '1', '1', '4', '0', '0', '2021-08-31 14:50:14', '2021-11-17 14:31:15');
INSERT INTO `message` VALUES ('127', '容忍他', '1', '4', '1', '1', '4', '0', '0', '2021-08-31 14:50:56', '2021-11-17 14:31:15');
INSERT INTO `message` VALUES ('128', '不能', '1', '1', '4', '2', '4', '0', '0', '2021-08-31 14:59:11', '2021-11-17 14:31:15');
INSERT INTO `message` VALUES ('129', '一定可以的', '1', '4', '1', '1', '4', '0', '0', '2021-08-31 15:00:11', '2021-11-17 14:31:15');
INSERT INTO `message` VALUES ('130', '翠鸟', '1', '1', '4', '2', '4', '0', '0', '2021-08-31 15:01:25', '2021-11-17 14:31:15');
INSERT INTO `message` VALUES ('131', '傻啊', '1', '4', '1', '1', '4', '0', '0', '2021-08-31 15:01:40', '2021-11-17 14:31:15');
INSERT INTO `message` VALUES ('132', '杀死一只知更鸟', '1', '1', '4', '2', '4', '0', '0', '2021-08-31 15:02:43', '2021-11-17 14:31:15');
INSERT INTO `message` VALUES ('133', '好看的电影', '1', '4', '1', '1', '4', '0', '0', '2021-08-31 15:03:38', '2021-11-17 14:31:15');
INSERT INTO `message` VALUES ('134', '她她她', '1', '4', '1', '1', '4', '0', '0', '2021-08-31 15:06:35', '2021-11-17 14:31:15');
INSERT INTO `message` VALUES ('135', '1212', '1', '4', '1', '1', '4', '0', '0', '2021-08-31 15:08:34', '2021-11-17 14:31:15');
INSERT INTO `message` VALUES ('136', '我公告', '1', '4', '1', '1', '4', '0', '0', '2021-08-31 15:10:13', '2021-11-17 14:31:15');
INSERT INTO `message` VALUES ('137', '123', '1', '1', '4', '2', '4', '0', '0', '2021-08-31 15:15:57', '2021-11-17 14:31:15');
INSERT INTO `message` VALUES ('138', '公告', '1', '4', '1', '1', '4', '0', '0', '2021-08-31 15:16:02', '2021-11-17 14:31:15');
INSERT INTO `message` VALUES ('139', '我', '1', '1', '4', '2', '4', '0', '0', '2021-08-31 15:18:16', '2021-11-17 14:31:15');
INSERT INTO `message` VALUES ('140', '不要靠近我', '1', '4', '1', '1', '4', '0', '0', '2021-08-31 15:40:52', '2021-11-17 14:31:15');
INSERT INTO `message` VALUES ('141', '带刺的玫瑰', '1', '4', '1', '1', '4', '0', '0', '2021-08-31 15:41:08', '2021-11-17 14:31:15');
INSERT INTO `message` VALUES ('142', '悄悄的走开', '1', '4', '1', '1', '4', '0', '0', '2021-08-31 15:41:21', '2021-11-17 14:31:15');
INSERT INTO `message` VALUES ('143', '总是在梦里', '1', '4', '1', '1', '4', '0', '0', '2021-08-31 15:44:13', '2021-11-17 14:31:15');
INSERT INTO `message` VALUES ('144', '一望无际', '1', '4', '1', '1', '4', '0', '0', '2021-08-31 15:44:31', '2021-11-17 14:31:15');
INSERT INTO `message` VALUES ('145', '走过多云的路', '1', '4', '1', '1', '4', '0', '0', '2021-08-31 15:46:39', '2021-11-17 14:31:15');
INSERT INTO `message` VALUES ('146', '也不会遗忘', '1', '4', '1', '1', '4', '0', '0', '2021-08-31 15:46:56', '2021-11-17 14:31:15');
INSERT INTO `message` VALUES ('147', '唯一', '1', '4', '1', '1', '4', '0', '0', '2021-08-31 15:48:45', '2021-11-17 14:31:15');
INSERT INTO `message` VALUES ('148', '公告', '1', '1', '4', '2', '4', '0', '0', '2021-08-31 15:48:52', '2021-11-17 14:31:15');
INSERT INTO `message` VALUES ('149', '你就是唯一', '1', '4', '1', '1', '4', '0', '0', '2021-08-31 15:49:03', '2021-11-17 14:31:15');
INSERT INTO `message` VALUES ('150', '12', '1', '4', '1', '1', '4', '0', '0', '2021-08-31 15:56:40', '2021-11-17 14:31:15');
INSERT INTO `message` VALUES ('151', '[em_56]', '1', '1', '4', '2', '4', '0', '0', '2021-08-31 16:39:50', '2021-11-17 14:31:15');
INSERT INTO `message` VALUES ('152', 'shuij', '1', '4', '1', '1', '4', '0', '0', '2021-08-31 18:21:24', '2021-11-17 14:31:15');
INSERT INTO `message` VALUES ('153', '7987', '1', '4', '1', '1', '4', '0', '0', '2021-08-31 18:45:15', '2021-11-17 14:31:15');
INSERT INTO `message` VALUES ('154', '110', '1', '1', '4', '2', '4', '0', '0', '2021-08-31 18:45:52', '2021-11-17 14:31:15');
INSERT INTO `message` VALUES ('155', 'going down', '1', '1', '4', '2', '4', '0', '0', '2021-09-01 10:29:28', '2021-11-17 14:31:15');
INSERT INTO `message` VALUES ('156', 'go up', '1', '1', '4', '2', '4', '0', '0', '2021-09-01 10:31:29', '2021-11-17 14:31:15');
INSERT INTO `message` VALUES ('157', 'whate up', '1', '1', '4', '2', '4', '0', '0', '2021-09-01 10:32:32', '2021-11-17 14:31:15');
INSERT INTO `message` VALUES ('158', 'how many', '1', '1', '4', '2', '4', '0', '0', '2021-09-01 10:32:52', '2021-11-17 14:31:15');
INSERT INTO `message` VALUES ('159', 'gungun', '1', '1', '1', '2', '1', '0', '0', '2021-09-01 12:04:07', '2021-11-12 14:59:34');
INSERT INTO `message` VALUES ('160', '89', '1', '1', '4', '2', '4', '0', '0', '2021-09-01 15:55:39', '2021-11-17 14:31:15');
INSERT INTO `message` VALUES ('161', '123', '1', '1', '4', '2', '4', '0', '0', '2021-09-01 16:01:57', '2021-11-17 14:31:15');
INSERT INTO `message` VALUES ('162', 'move to bottom', '1', '1', '4', '2', '4', '0', '0', '2021-09-01 16:02:53', '2021-11-17 14:31:15');
INSERT INTO `message` VALUES ('163', '2222', '1', '1', '4', '2', '4', '0', '0', '2021-09-01 16:03:37', '2021-11-17 14:31:15');
INSERT INTO `message` VALUES ('164', 'qqq', '1', '1', '4', '2', '4', '0', '0', '2021-09-01 16:03:49', '2021-11-17 14:31:15');
INSERT INTO `message` VALUES ('165', 'gg', '1', '1', '1', '2', '1', '0', '0', '2021-09-01 16:05:25', '2021-11-12 14:59:34');
INSERT INTO `message` VALUES ('166', 'ddd', '1', '1', '1', '2', '1', '0', '0', '2021-09-01 16:05:30', '2021-11-12 14:59:34');
INSERT INTO `message` VALUES ('167', 'weweee', '1', '1', '1', '2', '1', '0', '0', '2021-09-01 16:06:36', '2021-11-12 14:59:34');
INSERT INTO `message` VALUES ('168', 'yuyu', '1', '1', '4', '2', '4', '0', '0', '2021-09-01 16:07:24', '2021-11-17 14:31:15');
INSERT INTO `message` VALUES ('169', 'ss', '1', '1', '1', '2', '1', '0', '0', '2021-09-01 16:07:34', '2021-11-12 14:59:34');
INSERT INTO `message` VALUES ('170', 'ssss', '1', '1', '1', '2', '1', '0', '0', '2021-09-01 16:07:38', '2021-11-12 14:59:34');
INSERT INTO `message` VALUES ('171', 'hhh', '1', '1', '1', '2', '1', '0', '0', '2021-09-01 16:07:47', '2021-11-12 14:59:34');
INSERT INTO `message` VALUES ('172', 'dfd', '1', '1', '4', '2', '4', '0', '0', '2021-09-01 16:07:56', '2021-11-17 14:31:15');
INSERT INTO `message` VALUES ('173', 'weqeerr', '1', '1', '4', '2', '4', '0', '0', '2021-09-01 16:08:00', '2021-11-17 14:31:15');
INSERT INTO `message` VALUES ('174', 'ttt', '1', '1', '1', '2', '1', '0', '0', '2021-09-01 16:08:06', '2021-11-12 14:59:34');
INSERT INTO `message` VALUES ('175', '9699', '1', '1', '1', '2', '1', '0', '0', '2021-09-01 16:09:13', '2021-11-12 14:59:34');
INSERT INTO `message` VALUES ('176', '8', '1', '1', '1', '2', '1', '0', '0', '2021-09-01 16:41:54', '2021-11-12 14:59:34');
INSERT INTO `message` VALUES ('177', '87', '1', '1', '1', '2', '1', '0', '0', '2021-09-01 16:42:16', '2021-11-12 14:59:34');
INSERT INTO `message` VALUES ('178', '87878', '1', '1', '1', '2', '1', '0', '0', '2021-09-01 16:44:37', '2021-11-12 14:59:34');
INSERT INTO `message` VALUES ('179', 'de', '1', '1', '1', '2', '1', '0', '0', '2021-09-01 16:49:02', '2021-11-12 14:59:34');
INSERT INTO `message` VALUES ('180', '3434', '1', '1', '1', '2', '1', '0', '0', '2021-09-01 16:49:11', '2021-11-12 14:59:34');
INSERT INTO `message` VALUES ('181', 'gg', '1', '1', '1', '2', '1', '0', '0', '2021-09-01 16:49:20', '2021-11-12 14:59:34');
INSERT INTO `message` VALUES ('182', 'wangwang', '1', '1', '1', '2', '1', '0', '0', '2021-09-01 16:49:39', '2021-11-12 14:59:34');
INSERT INTO `message` VALUES ('183', 'youyou', '1', '1', '1', '2', '1', '0', '0', '2021-09-01 16:50:34', '2021-11-12 14:59:34');
INSERT INTO `message` VALUES ('184', 'wherein', '1', '1', '1', '2', '1', '0', '0', '2021-09-01 16:50:56', '2021-11-12 14:59:34');
INSERT INTO `message` VALUES ('185', '99999', '1', '1', '4', '2', '4', '0', '0', '2021-09-01 16:51:38', '2021-11-17 14:31:15');
INSERT INTO `message` VALUES ('187', '[em_66]', '1', '1', '4', '2', '4', '0', '0', '2021-09-07 15:42:25', '2021-11-17 14:31:15');
INSERT INTO `message` VALUES ('188', '[em_11]', '1', '1', '4', '2', '4', '0', '0', '2021-09-18 13:09:23', '2021-11-17 14:31:15');
INSERT INTO `message` VALUES ('190', '/upload/20212109/5348202e-8103-23af-44b5-9ccd134ebb63.gif', '3', '1', '4', '2', '4', '0', '0', '2021-09-27 18:11:45', '2021-11-17 14:31:15');
INSERT INTO `message` VALUES ('264', '[em_24]', '1', '1', '1', '2', '1', '0', '0', '2021-10-18 10:49:13', '2021-11-12 14:59:34');
INSERT INTO `message` VALUES ('259', '[em_46]', '1', '1', '1', '2', '1', '0', '0', '2021-10-11 14:32:09', '2021-11-12 14:59:34');
INSERT INTO `message` VALUES ('192', '/upload/20212109/a13c990b-57c7-01d1-54ea-347db449ba19.gif', '3', '1', '4', '2', '4', '0', '0', '2021-09-27 18:36:24', '2021-11-17 14:31:15');
INSERT INTO `message` VALUES ('266', '[em_34]', '1', '1', '4', '2', '4', '0', '0', '2021-10-19 18:16:07', '2021-11-17 14:31:15');
INSERT INTO `message` VALUES ('267', '[em_11]', '1', '1', '6', '2', '6', '0', '0', '2021-10-26 10:18:49', '2021-11-09 16:38:33');
INSERT INTO `message` VALUES ('261', '/upload/20212110/0ededbb3-9b88-ca46-1ca2-5909da054f42.jpg', '3', '1', '1', '2', '1', '0', '0', '2021-10-11 16:06:36', '2021-11-12 14:59:34');
INSERT INTO `message` VALUES ('262', '[em_36]', '1', '1', '1', '2', '1', '0', '0', '2021-10-15 10:10:05', '2021-11-12 14:59:34');
INSERT INTO `message` VALUES ('196', 'HTTP/1.1://127.0.0.1:9080/upload/20212109/074ed2be-d444-c4af-aefa-b5cfb44d43fa.gif', '3', '1', '4', '2', '4', '0', '0', '2021-09-28 14:03:02', '2021-11-17 14:31:15');
INSERT INTO `message` VALUES ('197', '/upload/20212109/0797b1de-aafe-7add-b65f-4b4b9feff814.gif', '3', '1', '4', '2', '4', '0', '0', '2021-09-28 14:05:34', '2021-11-17 14:31:15');
INSERT INTO `message` VALUES ('198', '/upload/20212109/198e7068-d9e8-3269-fc20-b5379adbc770.gif', '3', '1', '4', '2', '4', '0', '0', '2021-09-28 14:30:46', '2021-11-17 14:31:15');
INSERT INTO `message` VALUES ('199', '/upload/20212109/b30f584e-5fe1-c7d0-64b2-a1000052589d.gif', '3', '1', '4', '2', '4', '0', '0', '2021-09-28 15:06:53', '2021-11-17 14:31:15');
INSERT INTO `message` VALUES ('200', '[em_57]', '1', '1', '4', '2', '4', '0', '0', '2021-09-28 15:07:34', '2021-11-17 14:31:15');
INSERT INTO `message` VALUES ('201', '咚咚咚咚[em_57]', '1', '1', '4', '2', '4', '0', '0', '2021-09-28 15:22:03', '2021-11-17 14:31:15');
INSERT INTO `message` VALUES ('202', '[em_34]', '1', '1', '4', '2', '4', '0', '0', '2021-09-28 15:24:14', '2021-11-17 14:31:15');
INSERT INTO `message` VALUES ('203', '规则过滤了[em_61][em_38]', '1', '1', '4', '2', '4', '0', '0', '2021-09-28 15:27:05', '2021-11-17 14:31:15');
INSERT INTO `message` VALUES ('204', '/upload/20212109/86d3fc52-4db8-8b65-8774-506bca795313.jpg', '3', '1', '4', '2', '4', '0', '0', '2021-09-28 18:21:28', '2021-11-17 14:31:15');
INSERT INTO `message` VALUES ('205', '/upload/20212109/a6421faf-3c9c-b15d-5104-209e06281a84.jpg', '3', '1', '4', '2', '4', '0', '0', '2021-09-28 18:21:41', '2021-11-17 14:31:15');
INSERT INTO `message` VALUES ('268', '[em_11]', '1', '1', '5', '2', '5', '0', '0', '2021-10-26 10:19:19', '2021-11-09 16:45:36');
INSERT INTO `message` VALUES ('252', '[em_46]', '1', '1', '4', '2', '4', '0', '0', '2021-10-09 15:09:17', '2021-11-17 14:31:15');
INSERT INTO `message` VALUES ('208', '国庆放假', '1', '1', '4', '2', '4', '0', '0', '2021-09-29 10:53:01', '2021-11-17 14:31:15');
INSERT INTO `message` VALUES ('209', '晚安[em_27]国庆放假', '1', '1', '4', '2', '4', '0', '0', '2021-09-29 10:54:26', '2021-11-17 14:31:15');
INSERT INTO `message` VALUES ('210', '你好吗国庆放假', '1', '1', '4', '2', '4', '0', '0', '2021-09-29 10:54:35', '2021-11-17 14:31:15');
INSERT INTO `message` VALUES ('211', '[em_48]', '1', '1', '4', '2', '4', '0', '0', '2021-09-29 10:55:21', '2021-11-17 14:31:15');
INSERT INTO `message` VALUES ('212', '[em_35]国庆放假', '1', '1', '4', '2', '4', '0', '0', '2021-09-29 17:07:09', '2021-11-17 14:31:15');
INSERT INTO `message` VALUES ('213', '/upload/20212110/0ededbb3-9b88-ca46-1ca2-5909da054f42.jpg', '3', '1', '4', '2', '4', '0', '0', '2021-10-08 11:52:15', '2021-11-17 14:31:15');
INSERT INTO `message` VALUES ('279', '回家', '1', '1', '4', '2', '4', '0', '0', '2021-10-26 17:26:07', '2021-11-17 14:31:15');
INSERT INTO `message` VALUES ('269', '[em_11]', '1', '1', '5', '2', '5', '0', '0', '2021-10-26 10:19:25', '2021-11-09 16:45:36');
INSERT INTO `message` VALUES ('270', '[em_11]', '1', '1', '5', '2', '5', '0', '0', '2021-10-26 10:19:36', '2021-11-09 16:45:36');
INSERT INTO `message` VALUES ('251', '111', '1', '1', '4', '2', '4', '0', '0', '2021-10-09 15:02:49', '2021-11-17 14:31:15');
INSERT INTO `message` VALUES ('247', '国庆放假', '1', '1', '4', '2', '4', '0', '0', '2021-10-09 14:13:57', '2021-11-17 14:31:15');
INSERT INTO `message` VALUES ('219', '你好吗', '1', '1', '4', '2', '4', '0', '0', '2021-10-08 18:30:38', '2021-11-17 14:31:15');
INSERT INTO `message` VALUES ('285', '[em_61]', '1', '1', '3', '2', '3', '0', '0', '2021-10-26 18:01:25', '2021-11-11 18:18:33');
INSERT INTO `message` VALUES ('223', '规则过滤了[em_61][em_38]', '1', '1', '4', '2', '4', '0', '0', '2021-10-09 10:20:29', '2021-11-17 14:31:15');
INSERT INTO `message` VALUES ('280', '羡慕', '1', '1', '1', '2', '1', '0', '0', '2021-10-26 17:26:17', '2021-11-12 14:59:34');
INSERT INTO `message` VALUES ('281', '/upload/20212110/f1d01b58-5b62-b9cf-97be-173fae25a5a7.gif', '3', '1', '1', '2', '1', '0', '0', '2021-10-26 17:55:38', '2021-11-12 14:59:34');
INSERT INTO `message` VALUES ('282', '/upload/20212110/f1d01b58-5b62-b9cf-97be-173fae25a5a7.gif', '3', '1', '1', '2', '1', '0', '0', '2021-10-26 17:55:50', '2021-11-12 14:59:34');
INSERT INTO `message` VALUES ('284', '狗狗狗', '1', '1', '1', '2', '1', '0', '0', '2021-10-26 17:57:03', '2021-11-12 14:59:34');
INSERT INTO `message` VALUES ('245', '有心者有所累,无心者无所谓', '1', '1', '4', '2', '4', '0', '0', '2021-10-09 14:00:19', '2021-11-17 14:31:15');
INSERT INTO `message` VALUES ('254', '/upload/20212109/1512c97e-e273-6cd4-b806-1f8cb3b225ac.gif', '3', '1', '4', '2', '4', '0', '0', '2021-10-09 15:28:41', '2021-11-17 14:31:15');
INSERT INTO `message` VALUES ('271', '[em_11]', '1', '1', '5', '2', '5', '0', '0', '2021-10-26 10:19:37', '2021-11-09 16:45:36');
INSERT INTO `message` VALUES ('272', '[em_11]', '1', '1', '5', '2', '5', '0', '0', '2021-10-26 10:19:38', '2021-11-09 16:45:36');
INSERT INTO `message` VALUES ('273', '国庆放假', '1', '1', '6', '2', '6', '0', '0', '2021-10-26 17:18:48', '2021-11-09 16:38:33');
INSERT INTO `message` VALUES ('274', '我没有撤回', '1', '1', '1', '2', '1', '0', '0', '2021-10-26 17:21:48', '2021-11-12 14:59:34');
INSERT INTO `message` VALUES ('275', '123', '1', '1', '3', '2', '3', '0', '0', '2021-10-26 17:23:40', '2021-11-11 18:18:33');
INSERT INTO `message` VALUES ('276', '[em_35]', '1', '1', '3', '2', '3', '0', '0', '2021-10-26 17:25:09', '2021-11-11 18:18:33');
INSERT INTO `message` VALUES ('277', '合同', '1', '1', '2', '2', '2', '0', '0', '2021-10-26 17:25:18', '2021-11-12 13:55:02');
INSERT INTO `message` VALUES ('278', '[em_35]', '1', '1', '2', '2', '2', '0', '0', '2021-10-26 17:25:57', '2021-11-12 13:55:02');
INSERT INTO `message` VALUES ('286', '[em_2]国庆放假', '1', '1', '3', '2', '3', '0', '0', '2021-10-26 18:01:31', '2021-11-11 18:18:33');
INSERT INTO `message` VALUES ('287', '[em_56]', '1', '1', '2', '2', '2', '0', '0', '2021-10-27 10:46:32', '2021-11-12 13:55:02');
INSERT INTO `message` VALUES ('288', '[em_24]', '1', '1', '2', '2', '2', '0', '0', '2021-10-27 10:47:58', '2021-11-12 13:55:02');
INSERT INTO `message` VALUES ('289', '你好吗', '1', '1', '2', '2', '2', '0', '0', '2021-10-27 10:49:01', '2021-11-12 13:55:02');
INSERT INTO `message` VALUES ('290', '[em_14]', '1', '1', '2', '2', '2', '0', '0', '2021-10-27 11:27:09', '2021-11-12 13:55:02');
INSERT INTO `message` VALUES ('292', '[em_23]', '1', '1', '3', '2', '3', '0', '0', '2021-10-27 11:30:03', '2021-11-11 18:18:33');
INSERT INTO `message` VALUES ('293', '[em_35]', '1', '1', '5', '2', '5', '0', '0', '2021-10-27 11:30:48', '2021-11-09 16:45:36');
INSERT INTO `message` VALUES ('296', '/upload/20212111/a66815cc-46ce-b057-4794-85d269517075.jpg', '3', '1', '4', '2', '4', '0', '0', '2021-11-09 16:08:53', '2021-11-17 14:31:15');
INSERT INTO `message` VALUES ('295', '[em_35][em_18]', '1', '1', '3', '2', '3', '0', '0', '2021-10-27 16:04:44', '2021-11-11 18:18:33');
INSERT INTO `message` VALUES ('297', '[em_1]', '1', '1', '6', '2', '6', '0', '1', '2021-11-09 16:38:33', '2021-11-09 16:38:33');
INSERT INTO `message` VALUES ('298', '[em_1]', '1', '1', '1', '2', '1', '0', '0', '2021-11-09 16:41:24', '2021-11-12 14:59:34');
INSERT INTO `message` VALUES ('299', '[em_56]', '1', '1', '1', '2', '1', '0', '0', '2021-11-09 16:43:32', '2021-11-12 14:59:34');
INSERT INTO `message` VALUES ('300', '[em_57]', '1', '1', '4', '2', '4', '0', '0', '2021-11-09 16:45:25', '2021-11-17 14:31:15');
INSERT INTO `message` VALUES ('301', '[em_57]', '1', '1', '5', '2', '5', '0', '1', '2021-11-09 16:45:36', '2021-11-09 16:45:36');
INSERT INTO `message` VALUES ('302', '[em_35]', '1', '1', '1', '2', '1', '0', '0', '2021-11-09 16:46:39', '2021-11-12 14:59:34');
INSERT INTO `message` VALUES ('305', '[em_45]', '1', '1', '2', '2', '2', '0', '0', '2021-11-11 18:18:22', '2021-11-12 13:55:02');
INSERT INTO `message` VALUES ('306', '国庆放假', '1', '1', '3', '2', '3', '0', '1', '2021-11-11 18:18:33', '2021-11-11 18:18:33');
INSERT INTO `message` VALUES ('307', '[em_24]', '1', '1', '2', '2', '2', '0', '0', '2021-11-12 12:11:44', '2021-11-12 13:55:02');
INSERT INTO `message` VALUES ('308', '[em_38]', '1', '1', '2', '2', '2', '0', '1', '2021-11-12 13:55:02', '2021-11-12 13:55:02');
INSERT INTO `message` VALUES ('309', '[em_56]问候', '1', '1', '1', '2', '1', '0', '1', '2021-11-12 14:59:34', '2021-11-12 14:59:34');
INSERT INTO `message` VALUES ('310', '[em_28]', '1', '1', '4', '2', '4', '0', '0', '2021-11-12 15:05:39', '2021-11-17 14:31:15');
INSERT INTO `message` VALUES ('311', '狗狗狗', '1', '4', '1', '1', '4', '0', '0', '2021-11-12 15:14:08', '2021-11-17 14:31:15');
INSERT INTO `message` VALUES ('312', '[em_57]', '1', '1', '4', '2', '4', '0', '0', '2021-11-12 15:16:44', '2021-11-17 14:31:15');
INSERT INTO `message` VALUES ('313', '版本', '1', '4', '1', '1', '4', '0', '0', '2021-11-12 15:16:51', '2021-11-17 14:31:15');
INSERT INTO `message` VALUES ('314', '光和热', '1', '4', '1', '1', '4', '0', '0', '2021-11-12 15:18:11', '2021-11-17 14:31:15');
INSERT INTO `message` VALUES ('315', '更改', '1', '4', '1', '1', '4', '0', '0', '2021-11-12 15:20:15', '2021-11-17 14:31:15');
INSERT INTO `message` VALUES ('316', '鬼鬼鬼鬼鬼鬼', '1', '1', '4', '2', '4', '0', '0', '2021-11-12 15:26:48', '2021-11-17 14:31:15');
INSERT INTO `message` VALUES ('317', '公共广告栏', '1', '4', '1', '1', '4', '0', '0', '2021-11-12 15:27:09', '2021-11-17 14:31:15');
INSERT INTO `message` VALUES ('318', '[em_59]', '1', '1', '4', '2', '4', '0', '0', '2021-11-12 15:34:28', '2021-11-17 14:31:15');
INSERT INTO `message` VALUES ('319', '慢慢看', '1', '4', '1', '1', '4', '0', '0', '2021-11-12 15:34:54', '2021-11-17 14:31:15');
INSERT INTO `message` VALUES ('320', '国庆放假', '1', '1', '4', '2', '4', '0', '0', '2021-11-12 15:38:38', '2021-11-17 14:31:15');
INSERT INTO `message` VALUES ('321', '9898', '1', '4', '1', '1', '4', '0', '0', '2021-11-12 15:38:50', '2021-11-17 14:31:15');
INSERT INTO `message` VALUES ('322', '更改', '1', '1', '4', '2', '4', '0', '0', '2021-11-12 16:38:16', '2021-11-17 14:31:15');
INSERT INTO `message` VALUES ('323', '狗狗狗', '1', '4', '1', '1', '4', '0', '0', '2021-11-12 16:44:51', '2021-11-17 14:31:15');
INSERT INTO `message` VALUES ('324', '3653', '1', '1', '4', '2', '4', '0', '0', '2021-11-12 16:45:32', '2021-11-17 14:31:15');
INSERT INTO `message` VALUES ('325', '2285', '1', '4', '1', '1', '4', '0', '0', '2021-11-12 16:45:52', '2021-11-17 14:31:15');
INSERT INTO `message` VALUES ('326', '101010', '1', '1', '4', '2', '4', '0', '0', '2021-11-12 16:46:51', '2021-11-17 14:31:15');
INSERT INTO `message` VALUES ('327', '282828', '1', '4', '1', '1', '4', '0', '0', '2021-11-12 16:47:03', '2021-11-17 14:31:15');
INSERT INTO `message` VALUES ('328', '狗狗狗', '1', '4', '1', '1', '4', '0', '0', '2021-11-12 16:53:21', '2021-11-17 14:31:15');
INSERT INTO `message` VALUES ('329', '[em_59]', '1', '1', '4', '2', '4', '0', '0', '2021-11-12 16:53:55', '2021-11-17 14:31:15');
INSERT INTO `message` VALUES ('330', '999', '1', '4', '1', '1', '4', '0', '0', '2021-11-12 17:02:26', '2021-11-17 14:31:15');
INSERT INTO `message` VALUES ('331', '[em_57]', '1', '1', '4', '2', '4', '0', '0', '2021-11-12 17:09:49', '2021-11-17 14:31:15');
INSERT INTO `message` VALUES ('332', '哇哇哇', '1', '4', '1', '1', '4', '0', '0', '2021-11-12 17:09:58', '2021-11-17 14:31:15');
INSERT INTO `message` VALUES ('333', '九个', '1', '4', '1', '1', '4', '0', '0', '2021-11-12 17:10:19', '2021-11-17 14:31:15');
INSERT INTO `message` VALUES ('334', '[em_55]', '1', '1', '4', '2', '4', '0', '0', '2021-11-12 17:10:33', '2021-11-17 14:31:15');
INSERT INTO `message` VALUES ('335', '山本耀司', '1', '4', '1', '1', '4', '0', '0', '2021-11-12 17:12:03', '2021-11-17 14:31:15');
INSERT INTO `message` VALUES ('336', '呱呱呱', '1', '4', '1', '1', '4', '0', '0', '2021-11-12 17:26:04', '2021-11-17 14:31:15');
INSERT INTO `message` VALUES ('337', 'like you', '1', '4', '1', '1', '4', '0', '0', '2021-11-12 17:26:21', '2021-11-17 14:31:15');
INSERT INTO `message` VALUES ('338', '/upload/20212111/5ebaaa14-99b2-be83-3025-9805ab7ed8c8.jpg', '3', '1', '4', '2', '4', '0', '0', '2021-11-12 17:27:42', '2021-11-17 14:31:15');
INSERT INTO `message` VALUES ('339', '/upload/20212111/fe13e6a6-2af1-2ccf-febc-b673216fae33.gif', '3', '1', '4', '2', '4', '0', '0', '2021-11-12 17:28:42', '2021-11-17 14:31:15');
INSERT INTO `message` VALUES ('340', '/upload/20212111/8e88af96-461e-b47c-3d12-75aa7ada9ca9.gif', '3', '1', '4', '2', '4', '0', '0', '2021-11-12 17:28:58', '2021-11-17 14:31:15');
INSERT INTO `message` VALUES ('342', '牛皮', '1', '4', '1', '1', '4', '0', '0', '2021-11-12 17:33:35', '2021-11-17 14:31:15');
INSERT INTO `message` VALUES ('343', '/upload/20212111/5a302c85-1d9b-d3e0-9e25-bd993fff057d.gif', '3', '4', '1', '1', '4', '0', '0', '2021-11-15 10:50:02', '2021-11-17 14:31:15');
INSERT INTO `message` VALUES ('344', '/upload/20212111/8661249e-fba3-515f-c26a-764ba65075b6.jpg', '3', '4', '1', '1', '4', '0', '0', '2021-11-15 10:50:39', '2021-11-17 14:31:15');
INSERT INTO `message` VALUES ('345', '/upload/20212111/4503c58b-ca30-7ca8-ac58-0a09e714d988.jpg', '3', '4', '1', '1', '4', '0', '0', '2021-11-15 10:51:08', '2021-11-17 14:31:15');
INSERT INTO `message` VALUES ('346', 'er', '1', '4', '1', '1', '4', '0', '0', '2021-11-15 10:52:46', '2021-11-17 14:31:15');
INSERT INTO `message` VALUES ('347', '/upload/20212111/14348f9c-b42d-d889-7e40-e22a949051cb.jpg', '3', '4', '1', '1', '4', '0', '0', '2021-11-15 10:52:56', '2021-11-17 14:31:15');
INSERT INTO `message` VALUES ('348', '/upload/20212111/e02c4e21-77bf-0d3e-5e43-74c27398e108.jfif', '3', '1', '4', '2', '4', '0', '0', '2021-11-15 10:53:16', '2021-11-17 14:31:15');
INSERT INTO `message` VALUES ('349', '[em_59]', '1', '1', '4', '2', '4', '0', '0', '2021-11-15 10:53:31', '2021-11-17 14:31:15');
INSERT INTO `message` VALUES ('350', '[em_1]1234', '1', '4', '1', '1', '4', '0', '0', '2021-11-15 14:49:40', '2021-11-17 14:31:15');
INSERT INTO `message` VALUES ('351', '[em_4][em_4][em_4]', '1', '4', '1', '1', '4', '0', '0', '2021-11-15 14:51:41', '2021-11-17 14:31:15');
INSERT INTO `message` VALUES ('352', '123[em_2][em_3]', '1', '4', '1', '1', '4', '0', '0', '2021-11-15 14:52:37', '2021-11-17 14:31:15');
INSERT INTO `message` VALUES ('353', '[em_5][em_6][em_7]', '1', '4', '1', '1', '4', '0', '0', '2021-11-15 14:52:45', '2021-11-17 14:31:15');
INSERT INTO `message` VALUES ('354', '[em_5][em_5][em_5]', '1', '4', '1', '1', '4', '0', '0', '2021-11-15 15:07:13', '2021-11-17 14:31:15');
INSERT INTO `message` VALUES ('355', '[em_5][em_5]', '1', '4', '1', '1', '4', '0', '0', '2021-11-15 15:11:01', '2021-11-17 14:31:15');
INSERT INTO `message` VALUES ('356', '[em_5][em_11][em_10]', '1', '4', '1', '1', '4', '0', '0', '2021-11-15 15:51:16', '2021-11-17 14:31:15');
INSERT INTO `message` VALUES ('357', '[em_18][em_19][em_6][em_7]', '1', '4', '1', '1', '4', '0', '0', '2021-11-15 15:51:28', '2021-11-17 14:31:15');
INSERT INTO `message` VALUES ('358', '[em_5][em_12]', '1', '4', '1', '1', '4', '0', '0', '2021-11-15 16:33:36', '2021-11-17 14:31:15');
INSERT INTO `message` VALUES ('359', '[em_5][em_6]', '1', '4', '1', '1', '4', '0', '0', '2021-11-15 16:34:59', '2021-11-17 14:31:15');
INSERT INTO `message` VALUES ('360', '[em_2][em_2][em_2][em_2][em_2][em_2][em_2]', '1', '4', '1', '1', '4', '0', '0', '2021-11-15 16:40:51', '2021-11-17 14:31:15');
INSERT INTO `message` VALUES ('361', '[em_7][em_16]', '1', '4', '1', '1', '4', '0', '0', '2021-11-15 17:06:36', '2021-11-17 14:31:15');
INSERT INTO `message` VALUES ('362', '哈喽', '1', '4', '1', '1', '4', '0', '0', '2021-11-15 17:06:41', '2021-11-17 14:31:15');
INSERT INTO `message` VALUES ('363', '国庆放假', '1', '1', '4', '2', '4', '0', '0', '2021-11-15 17:06:54', '2021-11-17 14:31:15');
INSERT INTO `message` VALUES ('364', '你好吗', '1', '1', '4', '2', '4', '0', '0', '2021-11-15 17:07:38', '2021-11-17 14:31:15');
INSERT INTO `message` VALUES ('365', '/upload/20212111/f5a08b8a-9cfb-14c4-38bb-a610eaf2d1e6.jpg', '3', '4', '1', '1', '4', '0', '0', '2021-11-15 17:20:16', '2021-11-17 14:31:15');
INSERT INTO `message` VALUES ('366', 'dddd', '1', '4', '1', '1', '4', '0', '0', '2021-11-16 11:36:06', '2021-11-17 14:31:15');
INSERT INTO `message` VALUES ('367', '[em_56]', '1', '1', '4', '2', '4', '0', '0', '2021-11-16 15:24:59', '2021-11-17 14:31:15');
INSERT INTO `message` VALUES ('368', '[em_41][em_44][em_52]', '1', '4', '1', '1', '4', '0', '0', '2021-11-16 18:41:46', '2021-11-17 14:31:15');
INSERT INTO `message` VALUES ('369', '/upload/20212111/b960521b-4cd4-f437-18ea-3a16bd274820.jpg', '3', '4', '1', '1', '4', '0', '0', '2021-11-17 13:57:25', '2021-11-17 14:31:15');
INSERT INTO `message` VALUES ('370', '[em_8][em_6]', '1', '4', '1', '1', '4', '0', '1', '2021-11-17 14:31:15', '2021-11-17 14:31:15');

-- ----------------------------
-- Table structure for role
-- ----------------------------
DROP TABLE IF EXISTS `role`;
CREATE TABLE `role` (
  `id` int(10) unsigned NOT NULL AUTO_INCREMENT,
  `name` varchar(255) NOT NULL,
  `created_at` datetime DEFAULT NULL,
  `updated_at` datetime DEFAULT NULL,
  PRIMARY KEY (`id`)
) ENGINE=MyISAM AUTO_INCREMENT=6 DEFAULT CHARSET=utf8mb4;

-- ----------------------------
-- Records of role
-- ----------------------------
INSERT INTO `role` VALUES ('1', '超级管理员', '2021-09-03 16:30:18', '2021-09-23 18:17:36');
INSERT INTO `role` VALUES ('2', '客服', '2021-09-03 16:30:21', '2021-09-26 17:55:35');
INSERT INTO `role` VALUES ('3', '主管', '2021-09-03 16:30:24', '2021-09-23 10:10:54');

-- ----------------------------
-- Table structure for role_has_menu
-- ----------------------------
DROP TABLE IF EXISTS `role_has_menu`;
CREATE TABLE `role_has_menu` (
  `id` int(10) unsigned NOT NULL AUTO_INCREMENT,
  `role_id` int(10) NOT NULL,
  `menu_id` int(10) NOT NULL,
  PRIMARY KEY (`id`)
) ENGINE=MyISAM AUTO_INCREMENT=153 DEFAULT CHARSET=utf8mb4;

-- ----------------------------
-- Records of role_has_menu
-- ----------------------------
INSERT INTO `role_has_menu` VALUES ('150', '1', '9');
INSERT INTO `role_has_menu` VALUES ('130', '3', '8');
INSERT INTO `role_has_menu` VALUES ('152', '2', '8');
INSERT INTO `role_has_menu` VALUES ('149', '1', '8');
INSERT INTO `role_has_menu` VALUES ('151', '2', '2');
INSERT INTO `role_has_menu` VALUES ('129', '3', '2');
INSERT INTO `role_has_menu` VALUES ('148', '1', '2');
INSERT INTO `role_has_menu` VALUES ('147', '1', '1');

-- ----------------------------
-- Table structure for tips
-- ----------------------------
DROP TABLE IF EXISTS `tips`;
CREATE TABLE `tips` (
  `id` int(11) unsigned NOT NULL AUTO_INCREMENT,
  `user_id` int(11) unsigned NOT NULL,
  `name` varchar(255) NOT NULL,
  `content` varchar(255) NOT NULL,
  PRIMARY KEY (`id`)
) ENGINE=MyISAM AUTO_INCREMENT=7 DEFAULT CHARSET=utf8mb4;

-- ----------------------------
-- Records of tips
-- ----------------------------
INSERT INTO `tips` VALUES ('1', '1', '问好', '你好吗');
INSERT INTO `tips` VALUES ('6', '1', '国庆放假', '国庆放假');

-- ----------------------------
-- Table structure for unread
-- ----------------------------
DROP TABLE IF EXISTS `unread`;
CREATE TABLE `unread` (
  `id` int(10) unsigned NOT NULL AUTO_INCREMENT,
  `count` int(10) unsigned DEFAULT NULL,
  `conversation_id` int(10) unsigned NOT NULL,
  `owner` int(10) NOT NULL,
  PRIMARY KEY (`id`)
) ENGINE=MyISAM AUTO_INCREMENT=10 DEFAULT CHARSET=utf8mb4;

-- ----------------------------
-- Records of unread
-- ----------------------------
INSERT INTO `unread` VALUES ('5', '57', '1', '1');
INSERT INTO `unread` VALUES ('4', '42', '4', '1');
INSERT INTO `unread` VALUES ('3', '92', '4', '4');
INSERT INTO `unread` VALUES ('6', '3', '6', '6');
INSERT INTO `unread` VALUES ('7', '7', '5', '5');
INSERT INTO `unread` VALUES ('8', '7', '3', '3');
INSERT INTO `unread` VALUES ('9', '10', '2', '2');

-- ----------------------------
-- Table structure for user
-- ----------------------------
DROP TABLE IF EXISTS `user`;
CREATE TABLE `user` (
  `id` bigint(20) unsigned NOT NULL AUTO_INCREMENT,
  `name` varchar(20) NOT NULL,
  `email` varchar(20) NOT NULL,
  `password` varchar(64) NOT NULL,
  `role_id` bigint(20) DEFAULT NULL,
  `created_at` datetime(3) DEFAULT NULL,
  `updated_at` datetime(3) DEFAULT NULL,
  PRIMARY KEY (`id`)
) ENGINE=MyISAM AUTO_INCREMENT=22 DEFAULT CHARSET=utf8mb4;

-- ----------------------------
-- Records of user
-- ----------------------------
INSERT INTO `user` VALUES ('1', '二棍', '1443261811@qq.com', '$2a$05$TVQMIpGUcy67VgwCFsHOLeXQNiA.NLyatwX4fSAiXtyD.jIAt6tRS', '1', '2021-08-04 16:43:51.000', '2021-09-24 14:30:50.734');
INSERT INTO `user` VALUES ('2', '拍黄瓜', 'hg@qq.com', '123', '3', '2021-08-04 16:45:04.000', '2021-09-24 14:04:42.204');
INSERT INTO `user` VALUES ('9', '慕容雪村', 'xuecun@qq.com', '$2a$05$uFOg5fjs4gwrL6qXl1X86.779AkZWvflHc3gDGIfIANo5/5p1G3ye', '2', '2021-09-06 14:18:13.034', '2021-09-24 14:04:34.890');
INSERT INTO `user` VALUES ('8', '是枝裕和', 'yuhe@qq.com', '$2a$05$q5Bc0ImoO8odx90elfy/n.nrzVjcMDJTad.5t.pZjF6a7KxB.UF1a', '2', '2021-09-06 11:28:13.684', '2021-09-07 14:43:28.229');
INSERT INTO `user` VALUES ('11', '仓央嘉措', 'cy@qq.com', '$2a$05$/38.4R2FeyCeqZav./BepuVwiY102RAH14.PuIKeJPBz4KVmMz5Ti', '3', '2021-09-24 14:31:18.392', '2021-09-24 14:31:18.392');
INSERT INTO `user` VALUES ('12', '纳兰容若', 'rr@qq.com', '$2a$05$hhUjvc7DRvw0fi3DEc0zr.xZeBqbSCkVM474dzg9p3w8rNfmfzJS6', '3', '2021-09-24 14:31:54.735', '2021-09-24 14:31:54.735');
INSERT INTO `user` VALUES ('13', '织田信长', 'xc@qq.com', '$2a$05$HBeou9ZwpWvuetju/tzDO.aG56XbVunxh8Dt6JLnqhJWSxBY3qQhy', '2', '2021-09-24 14:32:26.960', '2021-09-24 14:32:26.960');
INSERT INTO `user` VALUES ('14', '丰臣秀吉', 'xj@qq.com', '$2a$05$WjYjfMAmj/nVxvj.4XA2BuLZKXBMlB6Zmeld2eTPuX6gvAMZvHs2a', '1', '2021-09-24 14:33:41.911', '2021-09-24 14:33:41.911');
INSERT INTO `user` VALUES ('15', '宋江', 'sj@qq.com', '$2a$05$0xtQZbPFN20SqB7SkfZdjOr9ut/EEDZFNsIFJBxBOZ8KAFeP4B4kS', '2', '2021-09-24 14:34:33.774', '2021-09-24 14:34:33.774');
INSERT INTO `user` VALUES ('16', '黑旋风李逵', 'lk@qq.com', '$2a$05$sB2ptZLgLilCfzJBP9Hf8uuhzV97vBuKd.bd7CxHzGBMSlCjxGCWu', '3', '2021-09-24 14:34:57.085', '2021-09-24 14:34:57.085');
INSERT INTO `user` VALUES ('17', '玉麒麟', 'ql@qq.com', '$2a$05$N6O09kroGQbvdbD7wh6x/.dH4zZ7sKIvKtpXQ0J0BLu83ieGHqGvO', '2', '2021-09-24 14:35:20.240', '2021-09-24 14:35:20.240');
INSERT INTO `user` VALUES ('18', '过江龙李俊', 'lj@qq.com', '$2a$05$pe4QfVPIOVMkrowm3O2rBuhIdu7k6bPG1StMLCy5BE9kosUjBWj12', '2', '2021-09-24 14:35:57.242', '2021-09-24 14:35:57.242');
INSERT INTO `user` VALUES ('19', '花和尚鲁智深', 'hs@qq.com', '$2a$05$bhbcbnVprWlgZxEdybDQb.HCg1IqvDKXgqeI5asKgEskS8KcQ1sda', '2', '2021-09-24 15:51:54.401', '2021-09-24 15:51:54.401');
INSERT INTO `user` VALUES ('20', '浪子燕青', 'yq2@qq.com', '$2a$05$b.Dzjr2kj4GA/TZCjE0t/OFoRfoWKNLzjj04Noy.DUXo7Z.ZQMcLG', '2', '2021-09-24 15:52:29.197', '2021-09-24 15:52:29.197');
INSERT INTO `user` VALUES ('21', '厚厚', 'hh@qq.com', '$2a$05$TIoRHJxgLZOWTSCa6ncKwO6UKnLPR88erp1QDin6EjYduPEW4oGDG', '3', '2021-09-26 13:41:49.079', '2021-09-26 15:57:48.278');
